Book,Price
DO EPIC SHIT,₹327.00
Atomic Habits: The life-changing million copy…,₹482.00
The Psychology of Money,₹301.00
Ikigai: The Japanese secret to a long and…,₹299.00
Word Power Made Easy,₹92.00
Grandma's Bag of Stories: Collection of 20+…,₹186.00
Rich Dad Poor Dad: What the Rich Teach…,₹302.00
My First Library: Boxset of 10 Board Books for…,₹399.00
Life's Amazing Secrets: How to Find Balance…,₹147.00
The Almanack Of Naval Ravikant: A Guide to…,₹276.00
World’s Greatest Books For Personal Growth…,₹299.00
400 Days,₹155.00
It Ends With Us: A Novel,₹272.00
The Power of Your Subconscious Mind,₹125.00
The Alchemist,₹252.00
The Subtle Art of Not Giving a F*ck: A…,₹287.00
27 Years UPSC IAS/ IPS Prelims Topic-wise…,₹365.00
Educart TERM 2 Objective & Subjective…,₹737.95
Quantitative Aptitude for Competitive…,₹467.00
Karma: A Yogi's Guide to Crafting Your…,₹148.00
My First Book of Pencil Control : Practice…,₹89.00
Attitude Is Everything: Change Your Attitude ...…,₹165.00
As a Man Thinketh,₹59.00
Eat That Frog!: 21 Great Ways to Stop…,₹146.00
Grandparents' Bag of Stories,₹140.00
Moral Story Books for Kids (Pack of 10 Books)…,₹225.00
Very First Sight Words Sentences Level 1,₹110.00
How to Win Friends and Influence People,₹78.00
Writing Practice Boxset: Pack of 4 Books…,₹159.00
The Intelligent Investor (English) Paperback –…,₹484.00
Deep Work: Rules for Focused Success in a…,₹299.00
சிவப்புக் கழுத்துடன் ஒரு பச்சைப்…,₹195.00
Sapiens: A Brief History of Humankind,₹372.00
Oswaal CBSE Question Bank Chapterwise…,₹852.00
My First Mythology Tale (Illustrated) (Set of 5…,₹191.00
Diary of a Wimpy Kid: Big Shot (Book 16),₹275.00
Man's Search For Meaning: The classic tribute…,₹237.00
Picture Books Collection for Early Learning…,₹220.00
General Knowledge,₹180.00
General Knowledge 2022,₹140.00
Think Like a Monk: The secret of how to…,₹320.00
"My Life in Full: Work, Family, and Our Future…",₹471.00
The Monk Who Sold His Ferrari,₹191.00
The Blue Umbrella,₹76.00
The Power of Your Subconscious Mind,₹99.00
Wuthering Heights,₹99.00
A Modern Approach To Verbal & Non-Verbal…,₹552.00
Indian Polity - For Civil Services and Other…,₹641.00
Death; An Inside Story: A book for all those…,₹148.00
Great Stories for Children,₹122.00
